date;store;amount;consumer
2019-05-01T00:50:09-07:00;95;352.33;Raja
2019-05-01T23:52:06-07:00;69;354.95;Tyrone
2019-05-02T00:50:34-07:00;84;358.67;Herrod
2019-05-03T01:00:44-07:00;70;325.35;Jackson
2019-05-03T05:17:17-07:00;40;342.03;Pandora
2019-05-03T15:40:14-07:00;85;360.17;Eve
2019-05-03T15:57:14-07:00;59;346.17;Daniel
2019-05-03T16:30:22-07:00;9;394.6;Quinn
2019-05-03T20:12:31-07:00;40;342.82;Hanae
2019-05-04T00:36:49-07:00;78;374.76;Kirsten
2019-05-04T02:50:42-07:00;67;312.04;Uriah
2019-05-05T02:22:51-07:00;6;318.03;Laurel
2019-05-05T03:53:51-07:00;69;287.62;Odessa
2019-05-05T21:32:34-07:00;81;354.92;Cole
2019-05-06T08:19:37-07:00;42;385.97;Malachi
2019-05-06T11:34:48-07:00;4;342.1;Keaton
2019-05-07T01:41:47-07:00;67;341.62;Emery
2019-05-07T02:20:29-07:00;93;379.34;Myles
2019-05-07T02:48:09-07:00;35;354.03;Fiona
2019-05-08T22:39:14-07:00;72;336.25;Plato
2019-05-09T16:11:07-07:00;18;350.75;Nelle
2019-05-10T05:53:04-07:00;57;279.39;Ralph
2019-05-10T14:32:49-07:00;46;354.36;Uta
2019-05-11T16:52:45-07:00;12;377.97;Echo
2019-05-11T17:52:46-07:00;97;324.16;Abra
2019-05-11T19:52:10-07:00;39;384.18;Emerson
2019-05-12T01:42:24-07:00;45;346.79;Dominic
2019-05-12T17:07:20-07:00;86;398.94;Nina
2019-05-12T18:01:08-07:00;50;371.84;Michelle
2019-05-13T07:04:00-07:00;51;351.25;Wayne
2019-05-13T21:35:44-07:00;84;352.21;Dante
2019-05-14T14:54:37-07:00;33;377.8;Pascale
2019-05-14T16:25:39-07:00;6;337.88;Melodie
2019-05-14T21:51:36-07:00;73;334.39;Nathaniel
2019-05-15T00:21:40-07:00;11;344.79;Dean
2019-05-15T01:35:18-07:00;30;366.39;Hadassah
2019-05-15T03:26:10-07:00;64;353.66;Yoko
2019-05-16T09:14:49-07:00;64;317.11;Aristotle
2019-05-16T16:39:43-07:00;46;392.57;Pamela
2019-05-16T21:59:32-07:00;10;357.24;Berk
2019-05-18T10:38:21-07:00;94;389.63;Ahmed
2019-05-18T16:52:51-07:00;81;354.19;Aidan
2019-05-19T01:13:57-07:00;5;378.82;Summer
2019-05-19T06:58:42-07:00;81;373.38;Kenneth
2019-05-19T07:59:29-07:00;62;343.04;Lucas
2019-05-19T12:13:01-07:00;48;313.99;Lamar
2019-05-19T19:40:40-07:00;72;356.35;Melinda
2019-05-19T21:54:09-07:00;38;370.71;Octavius
2019-05-19T23:10:29-07:00;12;319.52;Clarke
2019-05-20T03:37:12-07:00;23;332.19;Idola
2019-05-20T12:11:12-07:00;11;324.52;Neil
2019-05-20T18:28:32-07:00;2;336.86;Roth
2019-05-20T21:56:17-07:00;42;342.64;Maxine
2019-05-21T04:37:24-07:00;96;339.7;Elvis
2019-05-21T09:21:44-07:00;14;354.74;Seth
2019-05-21T22:27:02-07:00;49;383.76;Irma
2019-05-22T10:34:34-07:00;63;365.91;Chantale
2019-05-22T22:48:27-07:00;14;355.16;Axel
2019-05-23T01:35:40-07:00;25;416.13;Lionel
2019-05-23T11:51:30-07:00;26;365.77;Orli
2019-05-23T14:15:39-07:00;19;363.89;Orlando
2019-05-24T14:39:43-07:00;75;372.26;Lael
2019-05-24T17:11:02-07:00;16;351.14;Quincy
2019-05-25T08:48:32-07:00;88;349.03;Priscilla
2019-05-25T15:27:55-07:00;94;360.88;Jenna
2019-05-25T22:07:43-07:00;20;364.33;Aidan
2019-05-26T16:42:58-07:00;1;357.99;Desirae
2019-05-26T20:44:24-07:00;45;307.67;Kane
2019-05-27T08:31:54-07:00;82;325.78;Calista
2019-05-28T06:41:25-07:00;12;362.00;Prescott
2019-05-29T06:14:18-07:00;39;387.36;Ariana
2019-05-29T07:48:42-07:00;34;301.53;Finn
2019-05-29T20:01:32-07:00;100;349.56;Dora
2019-05-30T03:23:34-07:00;13;323.25;Ayanna
2019-05-30T12:02:04-07:00;48;393.16;Baker
2019-05-30T15:28:09-07:00;14;371.52;Xenos
2019-05-30T21:39:22-07:00;53;337.88;Joelle
2019-05-31T22:03:33-07:00;28;304.25;Dane
2019-05-31T23:59:49-07:00;1;361.09;Quincy
2019-06-01T09:43:46-07:00;41;370.48;Daphne
2019-06-01T18:25:06-07:00;13;351.48;Gavin
2019-06-01T23:34:15-07:00;16;332.3;Kyle
2019-06-02T19:38:49-07:00;24;372.13;Kaseem
2019-06-02T21:37:46-07:00;19;291.36;Nigel
2019-06-03T10:58:02-07:00;86;374.58;Octavia
2019-06-03T16:12:54-07:00;36;323.88;Abbot
2019-06-03T17:44:31-07:00;69;351.00;Mariko
2019-06-03T17:52:39-07:00;69;378.38;Arsenio
2019-06-03T19:02:52-07:00;59;382.33;Akeem
2019-06-04T00:21:32-07:00;74;341.6;Kiona
2019-06-04T02:29:56-07:00;11;374.9;Jael
2019-06-04T12:52:57-07:00;95;339.11;Ciara
2019-06-04T13:52:23-07:00;97;323.88;Cody
2019-06-04T16:57:06-07:00;69;375.41;Audra
2019-06-04T19:31:52-07:00;44;343.01;Wesley
2019-06-05T02:48:34-07:00;25;361.21;Alana
2019-06-05T05:16:00-07:00;51;356.67;Deborah
2019-06-05T09:22:10-07:00;80;384.09;Hayes
2019-06-05T18:34:39-07:00;30;350.8;Gary
2019-06-06T07:09:54-07:00;55;380.49;Beck
2019-06-06T08:49:27-07:00;80;369.27;Hyacinth
2019-06-06T16:52:29-07:00;88;370.37;Serena
2019-06-06T17:13:40-07:00;59;331.41;Christopher
2019-06-06T21:04:48-07:00;39;354.38;Nasim
2019-06-07T00:15:45-07:00;46;334.87;Cedric
2019-06-08T09:09:26-07:00;55;348.83;Lev
2019-06-08T11:31:02-07:00;91;399.72;Vincent
2019-06-08T20:35:18-07:00;64;388.89;Abigail
2019-06-09T14:56:53-07:00;57;369.18;Remedios
2019-06-09T17:45:24-07:00;11;311.17;Edward
2019-06-10T02:32:09-07:00;65;363.1;Walter
2019-06-10T07:39:38-07:00;95;392.81;Blossom
2019-06-10T14:51:11-07:00;63;311.86;Aubrey
2019-06-11T08:12:08-07:00;96;352.4;Leo
2019-06-11T08:44:45-07:00;9;314.45;Kylee
2019-06-11T12:44:42-07:00;14;363.82;Callie
2019-06-12T10:07:08-07:00;52;361.28;Fitzgerald
2019-06-12T13:54:21-07:00;59;341.34;Lionel
2019-06-12T17:32:45-07:00;52;312.13;Katell
2019-06-12T20:42:04-07:00;27;390.87;Laura
2019-06-13T08:17:44-07:00;59;346.11;Cedric
2019-06-15T11:10:03-07:00;29;371.67;Evelyn
2019-06-16T04:30:14-07:00;1;368.62;Tamara
2019-06-16T07:51:52-07:00;51;308.17;Addison
2019-06-17T02:41:15-07:00;69;344.47;Christen
2019-06-17T03:17:42-07:00;90;364.58;Nevada
2019-06-17T10:00:06-07:00;68;338.58;Kermit
2019-06-18T09:56:20-07:00;50;326.28;Moses
2019-06-18T14:37:23-07:00;27;341.66;Timon
2019-06-22T14:28:17-07:00;96;371.92;Tobias
2019-06-22T21:31:53-07:00;41;337.17;Hanna
2019-06-23T03:17:07-07:00;7;330.4;Kalia
2019-06-23T20:34:19-07:00;47;310.43;Yael
2019-06-24T00:05:12-07:00;60;384.02;Berk
2019-06-24T21:04:16-07:00;55;360.37;Imogene
2019-06-25T01:05:51-07:00;39;340.29;Uma
2019-06-25T06:16:27-07:00;39;397.85;Wesley
2019-06-25T19:56:10-07:00;30;358.46;Deacon
2019-06-26T09:40:04-07:00;80;390.14;Elmo
2019-06-26T21:31:33-07:00;47;332.31;Angelica
2019-06-27T01:51:51-07:00;63;375.6;Hakeem
2019-06-27T12:31:53-07:00;9;380.53;Charles
2019-06-27T15:49:55-07:00;77;342.41;Dana
2019-06-27T18:06:17-07:00;7;390.23;Kareem
2019-06-28T14:54:31-07:00;52;348.48;Joelle
2019-06-29T05:15:41-07:00;95;322.46;Silas
2019-06-30T20:27:06-07:00;74;352.25;Beau
2019-07-01T09:38:43-07:00;15;325.35;Kathleen
2019-07-01T14:26:04-07:00;6;345.82;Ciara
2019-07-01T15:58:28-07:00;28;352.47;Rama
2019-07-01T23:50:53-07:00;11;337.18;George
2019-07-02T19:54:34-07:00;13;310.98;Vanna
2019-07-03T05:04:37-07:00;61;350.78;Carissa
2019-07-03T17:28:36-07:00;62;355.17;Calista
2019-07-04T01:20:47-07:00;67;339.37;Jasmine
2019-07-04T05:24:23-07:00;21;362.84;Breanna
2019-07-04T13:35:34-07:00;92;306.52;Hayden
2019-07-04T16:30:48-07:00;46;358.12;Britanni
2019-07-04T17:34:54-07:00;44;303.05;Geraldine
2019-07-04T23:01:43-07:00;65;385.52;Angela
2019-07-06T02:57:53-07:00;72;361.28;Phoebe
2019-07-06T10:43:06-07:00;45;328.65;Paki
2019-07-07T07:35:21-07:00;86;363.61;Tiger
2019-07-07T20:30:29-07:00;20;333.31;Harding
2019-07-08T14:52:21-07:00;14;354.31;Fletcher
2019-07-09T23:41:27-07:00;78;392.17;Adam
2019-07-10T00:07:11-07:00;30;379.98;Seth
2019-07-10T00:14:04-07:00;37;315.82;Chastity
2019-07-10T06:48:21-07:00;75;342.58;Harrison
2019-07-11T09:39:16-07:00;78;348.05;Orli
2019-07-11T12:04:02-07:00;13;300.07;Xavier
2019-07-11T12:12:44-07:00;9;350.84;Evangeline
2019-07-11T13:25:25-07:00;51;330.84;Gretchen
2019-07-11T15:24:54-07:00;90;344.14;Lila
2019-07-12T00:19:21-07:00;15;335.44;Haley
2019-07-12T08:37:53-07:00;21;341.2;Kennan
2019-07-13T04:34:27-07:00;35;376.63;Damian
2019-07-13T07:27:46-07:00;57;360.68;Heather
2019-07-14T08:03:47-07:00;55;351.43;Adara
2019-07-14T14:34:35-07:00;78;335.81;Gavin
2019-07-14T18:16:48-07:00;95;331.61;Tanner
2019-07-14T20:41:43-07:00;79;366.59;Davis
2019-07-15T00:38:20-07:00;6;379.86;Kuame
2019-07-15T17:33:07-07:00;67;362.35;Malcolm
2019-07-16T00:24:36-07:00;1;391.6;Stuart
2019-07-16T06:02:15-07:00;51;390.27;Alexander
2019-07-17T13:45:51-07:00;48;336.56;Scott
2019-07-18T05:44:07-07:00;55;332.16;Jonah
2019-07-18T18:00:08-07:00;60;362.87;Doris
2019-07-19T09:17:58-07:00;94;358.3;Ayanna
2019-07-19T10:32:22-07:00;90;357.38;Driscoll
2019-07-19T11:43:59-07:00;73;338.75;Paula
2019-07-19T14:21:14-07:00;14;345.04;Mechelle
2019-07-19T15:53:38-07:00;88;387.13;Halee
2019-07-20T22:28:08-07:00;90;365.73;Eden
2019-07-21T09:03:33-07:00;80;343.65;Quinn
2019-07-21T15:20:01-07:00;16;347.48;Channing
2019-07-22T19:24:45-07:00;77;338.75;Hilel
2019-07-22T23:03:33-07:00;26;303.39;Kimberley
2019-07-23T06:55:45-07:00;71;357.07;Abdul
2019-07-23T08:55:11-07:00;95;333.74;Fiona
2019-07-24T05:10:30-07:00;88;364.86;Caryn
2019-07-24T10:09:41-07:00;21;377.7;Paula
2019-07-24T18:56:32-07:00;85;343.35;Fredericka
2019-07-25T17:21:08-07:00;3;372.05;Darius
2019-07-26T22:23:15-07:00;65;341.85;Laura
2019-07-27T03:08:12-07:00;43;356.00;Steven
2019-07-27T03:54:35-07:00;27;333.88;Lani
2019-07-27T07:58:00-07:00;41;339.37;Anastasia
2019-07-27T21:49:18-07:00;25;333.93;Gray
2019-07-29T07:48:45-07:00;14;375.5;Galena
2019-07-30T05:42:50-07:00;6;361.23;Amber
2019-07-30T08:15:50-07:00;64;372.35;Cadman
2019-07-30T14:39:08-07:00;27;307.85;Odessa
2019-07-30T15:17:42-07:00;64;291.23;Cooper
2019-07-31T07:19:18-07:00;23;351.17;Fleur
2019-08-01T01:28:55-07:00;23;295.4;Velma
2019-08-01T03:28:14-07:00;21;320.86;Veronica
2019-08-01T09:36:07-07:00;21;342.53;Libby
2019-08-02T04:50:37-07:00;58;381.11;Adria
2019-08-02T07:36:15-07:00;56;404.31;Piper
2019-08-02T12:51:28-07:00;7;315.05;Karyn
2019-08-02T15:34:45-07:00;76;344.92;Sara
2019-08-02T21:04:46-07:00;33;329.00;Zenia
2019-08-03T17:06:26-07:00;52;337.8;Josiah
2019-08-04T05:29:06-07:00;67;339.05;Nevada
2019-08-04T06:47:53-07:00;70;345.47;Caldwell
2019-08-04T12:03:47-07:00;7;318.89;Christine
2019-08-04T14:43:42-07:00;27;342.66;Yasir
2019-08-05T02:23:14-07:00;27;387.4;Stewart
2019-08-06T07:29:31-07:00;57;327.31;Jermaine
2019-08-07T05:47:34-07:00;93;363.71;Paul
2019-08-07T05:58:57-07:00;76;319.41;Austin
2019-08-07T14:01:14-07:00;53;340.15;Kevyn
2019-08-07T19:40:56-07:00;11;334.96;Hector
2019-08-08T01:43:27-07:00;21;358.66;Brandon
2019-08-08T14:50:51-07:00;83;355.87;Aphrodite
2019-08-08T17:03:14-07:00;14;329.41;Zephr
2019-08-09T03:57:42-07:00;29;351.91;Bertha
2019-08-09T10:30:48-07:00;42;358.25;Sydnee
2019-08-09T12:14:21-07:00;45;333.04;Sydney
2019-08-09T15:23:49-07:00;70;367.75;Simon
2019-08-10T00:21:02-07:00;59;324.4;Gary
2019-08-11T14:59:45-07:00;96;394.32;Rose
2019-08-11T16:11:13-07:00;21;349.96;Roth
2019-08-11T22:36:24-07:00;41;336.8;Mia
2019-08-12T12:54:38-07:00;18;368.85;Quamar
2019-08-12T20:51:23-07:00;99;345.77;Latifah
2019-08-13T00:17:46-07:00;20;334.64;Zoe
2019-08-13T15:07:46-07:00;48;300.98;Vladimir
2019-08-13T17:03:06-07:00;73;312.42;Alisa
2019-08-13T20:01:38-07:00;85;326.35;Gannon
2019-08-14T04:08:13-07:00;80;361.1;Hakeem
2019-08-14T17:36:46-07:00;18;340.54;Arsenio
2019-08-15T01:17:27-07:00;44;338.08;Myles
2019-08-15T02:56:54-07:00;64;371.37;Fay
2019-08-15T03:25:10-07:00;55;354.47;Elaine
2019-08-15T15:39:38-07:00;1;383.45;Ray
2019-08-15T17:21:27-07:00;38;315.98;Reed
2019-08-16T05:26:23-07:00;97;358.7;Kuame
2019-08-16T12:18:05-07:00;79;366.2;Cassidy
2019-08-16T15:35:46-07:00;70;339.81;Teagan
2019-08-17T12:15:03-07:00;33;337.5;Ishmael
2019-08-18T04:42:07-07:00;8;353.83;Candace
2019-08-18T09:45:10-07:00;42;357.39;Ray
2019-08-18T10:58:25-07:00;49;322.98;Igor
2019-08-18T14:04:06-07:00;9;397.43;Jerome
2019-08-18T15:20:19-07:00;69;395.19;Keaton
2019-08-20T02:23:33-07:00;84;338.98;Riley
2019-08-20T04:34:48-07:00;35;346.75;Beck
2019-08-20T10:48:18-07:00;11;330.97;Gage
2019-08-20T23:24:20-07:00;74;301.77;Lawrence
2019-08-21T05:38:32-07:00;95;367.3;Ian
2019-08-21T09:47:14-07:00;76;324.56;Rana
2019-08-21T15:31:26-07:00;67;317.68;Iona
2019-08-22T00:52:53-07:00;82;372.74;Wyatt
2019-08-22T13:26:06-07:00;5;356.67;Angela
2019-08-22T20:21:28-07:00;1;353.51;Andrew
2019-08-23T18:17:12-07:00;91;351.58;Cameron
2019-08-24T05:09:58-07:00;79;346.78;Martena
2019-08-25T14:49:39-07:00;34;343.06;Isaiah
2019-08-25T15:20:58-07:00;59;336.39;Lev
2019-08-27T15:35:10-07:00;37;311.94;Katelyn
2019-08-28T05:16:01-07:00;59;376.07;Callie
2019-08-28T07:46:04-07:00;88;388.81;Wyoming
2019-08-29T06:57:26-07:00;15;332.75;Kuame
2019-08-29T17:45:27-07:00;48;361.31;Joy
2019-08-29T17:53:14-07:00;85;362.14;Giacomo
2019-08-29T18:37:49-07:00;80;321.07;Thor
2019-08-30T01:14:43-07:00;87;379.63;Mechelle
2019-08-30T01:50:38-07:00;5;316.62;Ulysses
2019-08-30T02:54:58-07:00;35;379.07;Portia
2019-08-30T20:44:07-07:00;50;352.74;Ayanna
2019-08-31T01:43:37-07:00;58;310.85;Guinevere
2019-09-01T06:28:47-07:00;41;331.66;Demetrius
2019-09-01T06:57:01-07:00;53;342.84;Wylie
2019-09-03T07:20:44-07:00;56;396.7;Tanya
2019-09-03T09:21:16-07:00;76;323.55;Donovan
2019-09-03T10:31:30-07:00;90;368.63;Reagan
2019-09-03T22:37:06-07:00;94;322.17;Dexter
2019-09-04T08:23:33-07:00;29;343.74;Blake
2019-09-05T17:55:50-07:00;8;328.9;Denton
2019-09-06T11:41:41-07:00;53;289.68;Cecilia
2019-09-06T22:29:52-07:00;80;355.81;Stephen
2019-09-07T00:25:54-07:00;43;366.47;Nasim
2019-09-07T01:07:25-07:00;74;338.67;Cyrus
2019-09-07T03:52:20-07:00;78;375.53;Hayes
2019-09-07T06:18:43-07:00;81;313.66;Clementine
2019-09-08T02:02:52-07:00;6;360.49;Haley
2019-09-08T04:51:32-07:00;95;382.58;Ifeoma
2019-09-08T16:33:57-07:00;41;347.4;Conan
2019-09-09T04:24:34-07:00;81;312.71;Melodie
2019-09-09T09:28:15-07:00;48;357.78;Kirby
2019-09-09T10:34:50-07:00;20;352.78;Ferdinand
2019-09-09T11:15:29-07:00;72;343.84;Lilah
2019-09-09T14:06:35-07:00;85;322.5;Kuame
2019-09-09T17:28:15-07:00;86;322.48;Lawrence
2019-09-09T19:03:50-07:00;60;349.5;Shaeleigh
2019-09-10T16:39:27-07:00;16;372.25;Neve
2019-09-11T10:36:56-07:00;98;339.48;Philip
2019-09-11T12:46:00-07:00;15;350.37;Brenna
2019-09-11T13:14:23-07:00;31;368.02;Tanek
2019-09-12T08:10:57-07:00;77;413.36;Aurora
2019-09-12T17:52:17-07:00;48;347.19;Malcolm
2019-09-13T04:53:55-07:00;44;371.8;Lavinia
2019-09-13T09:39:13-07:00;38;311.27;Lucy
2019-09-14T23:25:27-07:00;70;339.6;Lana
2019-09-15T10:28:17-07:00;35;390.01;Bethany
2019-09-15T15:33:24-07:00;70;367.77;Baxter
2019-09-17T08:25:19-07:00;41;273.82;Clementine
2019-09-17T22:17:16-07:00;74;362.08;Samuel
2019-09-18T01:34:43-07:00;7;346.95;Bruce
2019-09-18T01:49:36-07:00;76;365.49;Armando
2019-09-18T18:48:19-07:00;49;321.74;Sara
2019-09-18T19:55:08-07:00;66;305.51;Armand
2019-09-19T04:54:00-07:00;53;345.17;Fay
2019-09-20T00:19:36-07:00;69;298.22;Keely
2019-09-20T05:03:54-07:00;66;349.63;Elizabeth
2019-09-20T22:42:05-07:00;73;275.01;Kasimir
2019-09-21T01:34:28-07:00;43;387.48;Shelby
2019-09-21T06:21:41-07:00;74;367.83;Ivana
2019-09-21T09:54:13-07:00;31;364.03;Amethyst
2019-09-21T17:49:52-07:00;11;358.31;Jason
2019-09-22T00:15:48-07:00;48;352.23;Hashim
2019-09-22T16:26:24-07:00;14;348.16;Petra
2019-09-23T09:10:29-07:00;3;356.85;Plato
2019-09-24T16:05:29-07:00;8;348.17;Bruno
2019-09-25T10:24:34-07:00;85;366.12;Meredith
2019-09-25T12:18:52-07:00;51;307.15;Jolene
2019-09-25T17:44:31-07:00;23;369.56;Knox
2019-09-25T18:57:46-07:00;74;327.67;Harper
2019-09-26T09:59:59-07:00;69;326.55;Randall
2019-09-26T23:43:23-07:00;4;340.38;Regan
2019-09-27T07:11:23-07:00;64;349.65;Josiah
2019-09-27T17:11:34-07:00;6;326.27;Rahim
2019-09-27T23:17:47-07:00;44;338.31;Cody
2019-09-28T06:42:32-07:00;56;383.95;Damon
2019-09-28T18:14:50-07:00;88;300.87;Craig
2019-09-28T21:53:05-07:00;96;328.9;Brian
2019-09-28T23:59:51-07:00;40;351.23;Gabriel
2019-09-29T00:12:37-07:00;26;356.12;Paloma
2019-09-30T03:25:44-07:00;30;364.57;Sade
2019-09-30T22:17:54-07:00;64;325.86;Iliana
2019-10-01T06:40:05-07:00;7;353.66;Xerxes
2019-10-01T10:49:29-07:00;30;332.71;Thane
2019-10-01T18:13:22-07:00;20;390.8;Kirby
2019-10-02T09:24:20-07:00;27;364.34;Vera
2019-10-02T10:18:15-07:00;62;336.89;Patrick
2019-10-03T01:16:11-07:00;1;317.04;Jade
2019-10-03T04:28:18-07:00;34;334.6;Gareth
2019-10-03T14:45:51-07:00;64;351.11;Troy
2019-10-03T16:18:15-07:00;43;272.83;Keith
2019-10-04T02:20:38-07:00;87;309.98;Vielka
2019-10-04T02:42:33-07:00;73;348.75;Quail
2019-10-04T16:16:21-07:00;37;397.23;Bernard
2019-10-04T21:32:26-07:00;44;368.86;Herrod
2019-10-05T05:54:36-07:00;100;379.00;Raya
2019-10-05T10:51:39-07:00;20;312.21;Guy
2019-10-05T13:14:34-07:00;1;349.71;Macey
2019-10-05T14:16:07-07:00;46;315.17;Chanda
2019-10-05T20:31:46-07:00;97;332.7;Ali
2019-10-06T12:21:44-07:00;75;390.89;Rahim
2019-10-06T14:48:30-07:00;24;366.02;Bevis
2019-10-07T13:20:41-07:00;71;352.34;Cora
2019-10-08T09:50:57-07:00;88;341.29;Brenda
2019-10-08T18:23:13-07:00;9;338.35;Constance
2019-10-08T20:47:49-07:00;48;313.88;Wesley
2019-10-08T22:35:46-07:00;41;300.51;Alexandra
2019-10-09T00:13:27-07:00;39;329.09;Imelda
2019-10-09T08:55:55-07:00;98;361.6;Shay
2019-10-09T13:07:46-07:00;27;384.49;Graiden
2019-10-10T06:55:34-07:00;66;372.95;Gareth
2019-10-10T08:28:32-07:00;24;288.9;Emma
2019-10-10T19:04:57-07:00;18;312.27;Tara
2019-10-11T05:40:54-07:00;79;370.24;Elliott
2019-10-11T17:48:37-07:00;44;343.22;Rana
2019-10-12T01:35:15-07:00;23;385.4;Felix
2019-10-12T16:18:39-07:00;90;339.53;Stacey
2019-10-12T19:23:46-07:00;36;387.6;Mikayla
2019-10-12T21:30:32-07:00;96;337.86;Kasper
2019-10-13T03:53:54-07:00;28;372.76;Kiayada
2019-10-13T11:04:21-07:00;43;302.6;Paul
2019-10-13T13:42:45-07:00;56;347.71;Geoffrey
2019-10-14T10:48:54-07:00;65;325.81;Lacy
2019-10-14T11:45:23-07:00;7;330.77;Cailin
2019-10-14T13:18:10-07:00;1;368.52;Jacqueline
2019-10-14T16:14:16-07:00;18;387.84;Ivana
2019-10-15T12:24:52-07:00;95;367.76;Charles
2019-10-15T12:53:34-07:00;69;323.27;Dylan
2019-10-16T18:56:25-07:00;87;367.55;Norman
2019-10-16T19:35:39-07:00;39;323.88;Sylvia
2019-10-17T08:01:48-07:00;26;338.11;Kane
2019-10-17T11:16:30-07:00;71;318.66;Dorian
2019-10-17T15:40:07-07:00;83;352.61;Charity
2019-10-18T05:37:21-07:00;42;354.41;Josephine
2019-10-18T15:02:26-07:00;70;301.92;Kennedy
2019-10-18T19:25:25-07:00;55;374.29;Amanda
2019-10-19T02:02:53-07:00;60;351.11;Nyssa
2019-10-19T05:08:25-07:00;16;385.89;Isadora
2019-10-19T05:28:29-07:00;52;373.35;Brianna
2019-10-19T18:27:11-07:00;57;335.68;Gary
2019-10-19T20:35:56-07:00;72;391.75;Jillian
2019-10-19T21:56:59-07:00;17;316.94;Mohammad
2019-10-19T23:02:34-07:00;99;367.34;Lenore
2019-10-21T08:13:46-07:00;83;377.32;Kellie
2019-10-22T02:54:01-07:00;68;336.4;Dorian
2019-10-22T08:26:30-07:00;78;328.53;Reed
2019-10-22T08:27:02-07:00;75;378.8;Leigh
2019-10-22T14:22:09-07:00;89;397.91;Bree
2019-10-22T21:56:33-07:00;61;345.87;Inez
2019-10-23T03:27:15-07:00;14;341.96;Victor
2019-10-23T05:03:11-07:00;62;356.43;Zephania
2019-10-23T09:54:53-07:00;14;374.72;Callie
2019-10-24T00:09:19-07:00;70;345.68;Avram
2019-10-24T01:44:03-07:00;63;360.28;Piper
2019-10-24T09:24:58-07:00;27;359.13;Zahir
2019-10-24T21:14:43-07:00;6;317.56;Dominic
2019-10-25T08:34:23-07:00;10;304.91;Colin
2019-10-25T14:52:07-07:00;10;357.61;Rylee
2019-10-26T00:02:36-07:00;64;302.99;Libby
2019-10-27T06:23:27-07:00;65;373.33;Deirdre
2019-10-27T15:44:11-07:00;86;324.64;Herman
2019-10-28T07:52:33-07:00;46;381.14;Mason
2019-10-28T19:06:04-07:00;65;318.9;Jade
2019-10-28T20:07:34-07:00;7;327.82;Marshall
2019-10-29T06:56:23-07:00;77;354.31;Irene
2019-10-29T07:37:25-07:00;83;398.29;Indigo
2019-10-30T12:50:33-07:00;50;391.84;Raymond
2019-10-31T01:11:16-07:00;8;397.16;Cara
2019-11-01T07:21:55-07:00;35;356.86;Neil
2019-11-01T18:38:34-07:00;44;344.29;Nerea
2019-11-01T19:40:07-07:00;100;346.59;Simon
2019-11-01T23:35:03-07:00;37;369.64;Aline
2019-11-02T08:06:46-07:00;26;360.45;Dexter
2019-11-02T18:23:27-07:00;56;332.83;Stephanie
2019-11-03T01:40:35-07:00;12;316.62;Kaitlin
2019-11-03T13:15:10-08:00;35;344.96;Dexter
2019-11-03T17:13:16-08:00;9;328.24;Clarke
2019-11-04T18:05:15-08:00;74;359.57;Quamar
2019-11-04T22:42:35-08:00;17;362.08;Naida
2019-11-04T23:39:47-08:00;49;347.00;Declan
2019-11-05T01:33:45-08:00;62;329.54;Rhona
2019-11-05T17:07:14-08:00;83;358.85;Zahir
2019-11-05T19:46:21-08:00;70;313.36;Jennifer
2019-11-07T21:23:55-08:00;74;276.21;Lance
2019-11-08T00:50:42-08:00;32;340.36;Mary
2019-11-08T19:46:06-08:00;15;351.83;Aileen
2019-11-08T22:51:17-08:00;83;329.33;Merrill
2019-11-09T00:20:00-08:00;86;328.5;Seth
2019-11-09T01:04:27-08:00;98;355.11;Nayda
2019-11-09T09:36:03-08:00;27;346.65;Nerea
2019-11-10T06:22:28-08:00;99;375.11;Tyler
2019-11-10T18:03:11-08:00;99;348.94;Simon
2019-11-10T22:01:02-08:00;28;339.02;Isaac
2019-11-10T23:45:46-08:00;3;376.61;Giacomo
2019-11-11T03:32:28-08:00;88;390.46;Wayne
2019-11-11T14:51:24-08:00;77;344.33;Amber
2019-11-12T21:18:23-08:00;64;327.7;Natalie
2019-11-13T02:10:56-08:00;8;337.59;Leigh
2019-11-13T02:30:52-08:00;34;366.08;Quinn
2019-11-13T08:22:51-08:00;35;334.31;Venus
2019-11-13T13:28:51-08:00;98;332.29;Octavius
2019-11-13T18:05:44-08:00;90;371.79;Denton
2019-11-14T00:40:30-08:00;14;309.58;Brady
2019-11-14T04:06:29-08:00;7;382.35;Hayden
2019-11-15T10:26:31-08:00;7;369.3;Amery
2019-11-15T11:20:20-08:00;4;333.15;Keaton
2019-11-16T13:51:56-08:00;61;363.4;Jonas
2019-11-16T14:01:46-08:00;28;316.36;Allegra
2019-11-16T20:37:41-08:00;25;359.92;Wilma
2019-11-17T01:28:13-08:00;8;352.72;Keegan
2019-11-17T17:36:08-08:00;65;328.51;Tanek
2019-11-18T10:22:29-08:00;82;376.76;Kai
2019-11-18T16:06:46-08:00;21;363.13;Leah
2019-11-18T20:03:54-08:00;29;321.55;Indira
2019-11-19T02:46:41-08:00;29;345.41;Warren
2019-11-19T15:10:18-08:00;24;399.77;Cruz
2019-11-21T05:13:17-08:00;60;368.92;Garth
2019-11-21T15:22:09-08:00;59;385.52;Selma
2019-11-21T20:37:02-08:00;20;358.7;Katell
2019-11-22T11:18:33-08:00;73;361.2;Cassidy
2019-11-22T14:36:28-08:00;17;356.04;Driscoll
2019-11-22T21:05:27-08:00;49;363.71;Tyler
2019-11-22T23:30:56-08:00;38;304.62;Zane
2019-11-23T14:04:20-08:00;52;336.32;Bert
2019-11-24T02:20:03-08:00;29;317.23;Neville
2019-11-25T00:18:54-08:00;80;347.67;Bell
2019-11-25T06:55:09-08:00;63;359.82;Patrick
2019-11-26T02:24:50-08:00;98;362.25;Wallace
2019-11-26T03:05:45-08:00;24;357.00;Nola
2019-11-26T04:57:14-08:00;41;375.8;Ferdinand
2019-11-26T23:51:03-08:00;80;303.62;Jameson
2019-11-27T20:00:06-08:00;60;316.05;Bethany
2019-11-28T00:34:14-08:00;20;313.22;Holmes
2019-11-28T02:10:11-08:00;8;375.6;Wallace
2019-11-28T16:28:54-08:00;52;363.49;Tara
2019-11-29T04:00:01-08:00;28;331.96;Phyllis
2019-11-30T00:28:32-08:00;92;387.35;Rigel
2019-11-30T17:38:21-08:00;52;366.44;Baxter
2019-11-30T18:16:39-08:00;61;348.92;Germane
2019-12-01T10:35:30-08:00;60;390.43;Harrison
2019-12-01T21:06:32-08:00;87;341.23;Larissa
2019-12-01T21:50:34-08:00;12;350.14;Benjamin
2019-12-02T01:37:25-08:00;79;335.83;Danielle
2019-12-02T04:54:47-08:00;28;372.01;Bo
2019-12-02T09:58:53-08:00;78;322.13;Sarah
2019-12-03T05:41:21-08:00;29;343.77;Shafira
2019-12-03T14:40:42-08:00;65;390.22;Jenette
2019-12-03T18:35:50-08:00;52;343.65;Jenna
2019-12-03T20:00:15-08:00;70;309.41;Ayanna
2019-12-04T17:06:59-08:00;99;347.05;Jenna
2019-12-04T17:45:53-08:00;14;342.59;Uta
2019-12-04T21:53:31-08:00;99;371.85;Faith
2019-12-05T05:46:41-08:00;77;339.46;Ryder
2019-12-05T19:28:17-08:00;28;369.12;Shaine
2019-12-06T06:45:07-08:00;82;335.88;Cadman
2019-12-06T14:14:21-08:00;2;348.96;Conan
2019-12-07T23:01:17-08:00;32;346.13;Sydnee
2019-12-08T03:20:52-08:00;93;364.43;Dustin
2019-12-08T12:56:37-08:00;30;368.16;Zachary
2019-12-08T14:04:36-08:00;1;360.04;Madison
2019-12-08T17:22:34-08:00;67;339.62;Ivor
2019-12-09T04:40:00-08:00;33;352.93;Nathan
2019-12-09T06:48:17-08:00;57;373.85;Reese
2019-12-10T11:09:34-08:00;31;353.95;Abdul
2019-12-11T06:59:50-08:00;16;418.53;Angelica
2019-12-12T10:52:51-08:00;95;367.26;Jemima
2019-12-13T07:35:25-08:00;5;345.17;Beck
2019-12-13T08:02:57-08:00;86;333.79;Lana
2019-12-14T11:00:52-08:00;78;368.99;Danielle
2019-12-14T11:05:23-08:00;96;352.96;Quinlan
2019-12-14T16:18:15-08:00;85;351.71;Isabelle
2019-12-14T16:22:11-08:00;2;357.85;Sawyer
2019-12-14T18:20:40-08:00;71;334.92;David
2019-12-15T02:36:26-08:00;14;325.37;Vincent
2019-12-16T00:12:36-08:00;10;363.08;Germane
2019-12-16T07:25:20-08:00;15;338.29;Fay
2019-12-16T07:33:31-08:00;95;361.36;Mariam
2019-12-17T08:13:07-08:00;57;381.87;Teegan
2019-12-17T13:09:13-08:00;22;387.4;Maxine
2019-12-17T15:41:14-08:00;55;389.37;Ashton
2019-12-17T17:20:56-08:00;83;381.74;Lani
2019-12-18T12:38:08-08:00;66;361.51;Rinah
2019-12-18T22:00:35-08:00;33;321.4;Tamara
2019-12-19T04:41:02-08:00;36;284.87;Wallace
2019-12-20T09:44:29-08:00;36;351.23;Zeph
2019-12-20T12:57:35-08:00;57;267.29;Gwendolyn
2019-12-20T17:04:48-08:00;36;365.87;Reese
2019-12-21T20:46:48-08:00;79;366.9;Buckminster
2019-12-22T00:57:15-08:00;32;388.39;Thomas
2019-12-22T06:28:27-08:00;66;363.46;Elmo
2019-12-24T16:17:48-08:00;79;317.42;Seth
2019-12-24T18:42:21-08:00;75;386.13;Edan
2019-12-24T23:32:31-08:00;84;338.17;Raja
2019-12-25T00:37:31-08:00;88;309.85;Chelsea
2019-12-25T15:29:12-08:00;75;363.51;Judah
2019-12-25T20:15:24-08:00;31;412.54;Violet
2019-12-25T22:49:37-08:00;3;353.66;Vivien
2019-12-26T04:48:45-08:00;44;361.29;Salvador
2019-12-26T19:09:48-08:00;81;338.69;Perry
2019-12-27T10:21:39-08:00;92;388.22;Emerson
2019-12-27T11:24:34-08:00;76;367.33;Zeus
2019-12-27T21:03:39-08:00;29;335.76;Barry
2019-12-27T23:27:51-08:00;26;399.36;Eagan
2019-12-28T01:09:20-08:00;2;350.22;Basil
2019-12-28T22:30:13-08:00;12;329.76;Florence
2019-12-29T10:40:25-08:00;33;349.78;Sean
2019-12-29T23:01:51-08:00;92;367.24;Price
2019-12-30T02:12:52-08:00;51;371.78;MacKenzie
2019-12-30T15:14:56-08:00;44;351.87;Malik
2019-12-31T04:44:40-08:00;39;335.05;Kaden
2019-12-31T05:55:31-08:00;37;366.36;Celeste
2019-12-31T09:25:03-08:00;90;357.75;Micah
2020-01-01T02:27:35-08:00;38;374.94;Grant
2020-01-01T05:17:42-08:00;18;345.36;Craig
2020-01-01T09:32:06-08:00;87;387.1;Vaughan
2020-01-01T17:47:45-08:00;3;329.72;Barry
2020-01-01T18:55:17-08:00;56;354.79;Armando
2020-01-01T19:24:28-08:00;3;378.83;Vance
2020-01-03T14:30:46-08:00;8;354.66;Elliott
2020-01-03T20:52:01-08:00;54;335.7;Leroy
2020-01-04T01:09:23-08:00;8;356.64;Keefe
2020-01-04T08:01:47-08:00;90;352.17;Miriam
2020-01-04T18:25:37-08:00;67;364.76;Carissa
2020-01-05T17:37:09-08:00;59;316.77;Pascale
2020-01-05T19:15:12-08:00;11;339.49;Chava
2020-01-06T19:59:55-08:00;50;341.17;Timothy
2020-01-06T22:29:46-08:00;4;376.16;Ayanna
2020-01-07T07:20:36-08:00;63;346.96;Irene
2020-01-08T02:38:16-08:00;91;365.21;Rowan
2020-01-08T08:56:06-08:00;9;374.19;Isaiah
2020-01-08T22:16:22-08:00;53;332.55;Teagan
2020-01-08T22:26:22-08:00;72;339.62;Ezra
2020-01-09T19:26:17-08:00;58;370.11;Candace
2020-01-10T08:33:43-08:00;28;342.42;Reuben
2020-01-10T20:44:47-08:00;34;365.49;Shellie
2020-01-11T01:36:16-08:00;98;329.7;Lois
2020-01-11T04:26:44-08:00;47;362.74;Evelyn
2020-01-11T04:53:57-08:00;4;324.25;Hiroko
2020-01-12T05:25:14-08:00;94;344.45;Moses
2020-01-12T12:58:13-08:00;38;344.21;Octavius
2020-01-12T14:27:26-08:00;16;303.47;Rachel
2020-01-12T15:36:42-08:00;45;318.6;Nell
2020-01-13T01:55:53-08:00;19;309.00;Brynne
2020-01-13T17:18:19-08:00;14;341.56;Armand
2020-01-14T13:42:45-08:00;38;353.19;Willow
2020-01-14T19:47:33-08:00;2;365.58;Eaton
2020-01-15T14:11:47-08:00;5;353.46;Alexandra
2020-01-15T19:32:34-08:00;3;350.55;Abdul
2020-01-15T22:06:43-08:00;49;310.42;Troy
2020-01-16T21:52:00-08:00;97;299.6;Blake
2020-01-17T08:58:32-08:00;18;345.49;Eaton
2020-01-17T18:17:47-08:00;62;362.07;Oprah
2020-01-17T20:49:11-08:00;95;324.78;Lance
2020-01-18T18:32:33-08:00;37;349.56;Quamar
2020-01-18T20:20:51-08:00;22;347.34;Duncan
2020-01-19T02:32:08-08:00;10;355.33;Caleb
2020-01-19T12:45:52-08:00;48;328.19;Quemby
2020-01-19T20:59:41-08:00;23;303.73;Kareem
2020-01-20T10:55:17-08:00;37;377.6;Tad
2020-01-20T17:36:14-08:00;95;390.54;Eaton
2020-01-20T18:56:58-08:00;38;387.86;Cassidy
2020-01-21T04:11:09-08:00;97;300.07;Lesley
2020-01-21T09:29:13-08:00;24;341.13;Quentin
2020-01-21T11:07:41-08:00;34;370.91;Austin
2020-01-21T11:11:10-08:00;70;351.55;Alfonso
2020-01-22T01:49:26-08:00;22;364.81;Bert
2020-01-22T11:03:48-08:00;90;349.47;Hasad
2020-01-23T00:31:07-08:00;3;384.92;Sean
2020-01-23T19:18:15-08:00;78;348.45;Russell
2020-01-23T21:25:43-08:00;86;344.1;Chastity
2020-01-23T22:57:48-08:00;10;374.00;Jarrod
2020-01-24T02:41:22-08:00;81;317.44;Shelley
2020-01-24T18:25:50-08:00;93;312.68;Xanthus
2020-01-25T19:17:56-08:00;89;364.23;Deborah
2020-01-26T16:39:21-08:00;70;380.28;Colorado
2020-01-27T00:50:40-08:00;64;333.75;Clayton
2020-01-27T07:48:45-08:00;2;371.23;Rogan
2020-01-27T17:53:13-08:00;62;384.97;Linus
2020-01-28T00:41:26-08:00;17;376.91;Orson
2020-01-28T03:03:49-08:00;24;376.95;Oleg
2020-01-28T14:26:53-08:00;59;355.14;Allistair
2020-01-28T21:24:19-08:00;46;382.59;Robert
2020-01-29T02:24:14-08:00;45;328.92;Clementine
2020-01-30T03:09:31-08:00;74;331.21;Charissa
2020-01-31T06:23:55-08:00;57;377.24;Colton
2020-01-31T11:05:44-08:00;21;379.7;Shafira
2020-01-31T12:53:33-08:00;51;383.1;Vivian
2020-01-31T18:31:42-08:00;77;368.61;Ursa
2020-02-01T01:17:50-08:00;38;325.67;Zane
2020-02-01T13:54:12-08:00;19;365.45;Linus
2020-02-02T05:57:54-08:00;28;348.17;Sybill
2020-02-02T18:26:42-08:00;80;386.46;Kaseem
2020-02-03T00:16:36-08:00;79;381.79;Elaine
2020-02-03T00:35:46-08:00;1;361.57;Chanda
2020-02-03T07:47:44-08:00;52;312.81;Kato
2020-02-03T16:22:06-08:00;22;358.39;Brooke
2020-02-03T17:46:37-08:00;44;325.98;Kalia
2020-02-03T18:35:57-08:00;33;357.32;Perry
2020-02-04T08:13:44-08:00;68;318.49;Emerald
2020-02-04T19:05:11-08:00;37;368.44;Reuben
2020-02-05T00:06:42-08:00;5;323.4;Katelyn
2020-02-05T05:40:18-08:00;94;365.82;Indira
2020-02-05T10:41:28-08:00;31;329.43;Suki
2020-02-06T07:47:04-08:00;78;370.37;Grace
2020-02-06T11:25:03-08:00;54;318.23;Karly
2020-02-07T04:30:07-08:00;85;308.05;Jayme
2020-02-07T15:15:23-08:00;39;364.54;Violet
2020-02-07T21:55:45-08:00;42;349.00;Cadman
2020-02-07T23:19:20-08:00;3;317.56;Emerald
2020-02-09T00:11:56-08:00;57;338.13;Oscar
2020-02-09T10:28:57-08:00;25;365.48;Madaline
2020-02-09T16:30:34-08:00;86;328.8;Ciaran
2020-02-10T04:12:16-08:00;91;371.57;Knox
2020-02-10T09:29:50-08:00;75;334.22;Mohammad
2020-02-10T10:13:15-08:00;3;330.06;Kirestin
2020-02-10T18:57:23-08:00;3;369.5;Summer
2020-02-11T00:24:18-08:00;48;401.7;Odysseus
2020-02-11T08:29:14-08:00;26;302.81;Brittany
2020-02-11T16:52:04-08:00;23;332.51;Kevyn
2020-02-11T22:20:39-08:00;59;378.00;Bruce
2020-02-12T00:35:54-08:00;32;351.78;Ross
2020-02-12T05:19:24-08:00;33;339.3;Quinn
2020-02-12T09:10:11-08:00;21;325.05;William
2020-02-12T09:33:21-08:00;98;342.62;Dieter
2020-02-12T15:04:00-08:00;23;323.17;Willow
2020-02-12T21:11:39-08:00;25;354.49;Matthew
2020-02-13T03:31:46-08:00;62;369.51;Kirby
2020-02-13T04:52:21-08:00;13;393.37;Lael
2020-02-13T22:01:11-08:00;21;343.96;Ulric
2020-02-14T10:34:33-08:00;47;307.66;Celeste
2020-02-14T15:25:46-08:00;93;362.78;Bryar
2020-02-14T21:16:19-08:00;17;375.04;Noah
2020-02-14T22:52:32-08:00;84;286.37;Hiram
2020-02-15T01:38:20-08:00;16;304.44;Iola
2020-02-15T08:04:54-08:00;85;314.37;Clio
2020-02-16T16:26:09-08:00;75;381.83;Rhea
2020-02-17T05:19:16-08:00;18;403.92;Kameko
2020-02-17T08:51:07-08:00;52;336.05;Odysseus
2020-02-17T15:07:27-08:00;33;362.07;Galvin
2020-02-18T01:25:10-08:00;44;392.24;Jada
2020-02-19T01:23:44-08:00;15;331.42;Sawyer
2020-02-19T13:13:49-08:00;95;361.74;Madison
2020-02-20T03:32:58-08:00;85;371.77;Sharon
2020-02-20T11:17:31-08:00;19;325.14;Cadman
2020-02-20T13:00:55-08:00;42;352.28;Levi
2020-02-20T14:18:39-08:00;60;319.77;Finn
2020-02-20T16:36:44-08:00;50;296.95;Wendy
2020-02-20T21:59:58-08:00;35;345.35;Cally
2020-02-21T00:22:56-08:00;1;372.64;Erica
2020-02-21T13:48:00-08:00;74;354.62;Stephanie
2020-02-21T21:44:43-08:00;67;328.05;Janna
2020-02-22T04:57:22-08:00;24;392.56;Nehru
2020-02-22T06:11:15-08:00;73;332.3;Kai
2020-02-22T14:07:01-08:00;67;359.03;Jayme
2020-02-22T17:42:53-08:00;78;384.7;Hop
2020-02-22T23:14:21-08:00;52;376.04;Rajah
2020-02-23T02:19:05-08:00;94;337.96;Jennifer
2020-02-23T12:56:34-08:00;60;304.89;Lavinia
2020-02-23T14:10:03-08:00;43;356.21;Kiara
2020-02-24T02:00:23-08:00;54;348.85;Gary
2020-02-24T07:03:33-08:00;27;377.48;Alexa
2020-02-24T16:36:02-08:00;17;318.72;Chaim
2020-02-25T13:57:07-08:00;16;378.72;Demetria
2020-02-25T21:27:32-08:00;6;351.34;Callum
2020-02-26T02:28:19-08:00;11;360.59;Camilla
2020-02-26T15:05:41-08:00;1;332.47;Amber
2020-02-27T10:34:30-08:00;70;362.9;Solomon
2020-02-27T17:56:42-08:00;77;368.65;Cody
2020-02-28T02:54:51-08:00;10;310.46;Eden
2020-02-28T07:42:07-08:00;78;387.33;Cara
2020-02-29T04:03:47-08:00;68;335.96;Jessica
2020-02-29T17:11:23-08:00;97;300.7;Kieran
2020-02-29T18:38:52-08:00;30;372.85;Lewis
2020-03-01T03:20:01-08:00;49;322.68;Lars
2020-03-02T03:29:17-08:00;31;397.21;Nevada
2020-03-03T12:55:54-08:00;5;348.67;Blake
2020-03-03T16:06:27-08:00;20;352.26;Sydnee
2020-03-03T22:35:49-08:00;26;337.45;Britanni
2020-03-03T23:13:56-08:00;90;361.36;Dorian
2020-03-04T01:33:56-08:00;41;305.92;Fitzgerald
2020-03-04T03:45:50-08:00;30;364.66;Lunea
2020-03-04T08:59:09-08:00;8;357.05;Renee
2020-03-04T12:51:06-08:00;36;331.29;Conan
2020-03-04T13:24:33-08:00;57;364.15;Martina
2020-03-04T16:59:04-08:00;46;369.44;Shelley
2020-03-05T07:40:08-08:00;71;303.66;Amy
2020-03-05T10:14:54-08:00;1;348.17;Martin
2020-03-06T00:53:29-08:00;79;360.05;Ulysses
2020-03-06T07:28:18-08:00;23;343.63;Shafira
2020-03-06T09:56:32-08:00;54;354.93;Keaton
2020-03-06T16:03:38-08:00;5;286.59;Leslie
2020-03-07T00:10:28-08:00;36;352.8;Clare
2020-03-07T16:58:55-08:00;84;369.23;Hadassah
2020-03-07T17:10:49-08:00;72;368.2;Emmanuel
2020-03-07T19:37:33-08:00;17;333.67;Camille
2020-03-07T23:30:09-08:00;38;358.46;Harper
2020-03-08T04:13:38-07:00;94;349.38;Piper
2020-03-08T09:39:45-07:00;38;360.69;Eleanor
2020-03-08T10:32:24-07:00;30;348.08;Kevyn
2020-03-09T03:32:37-07:00;92;359.94;Hu
2020-03-09T12:04:20-07:00;72;373.59;Deborah
2020-03-09T19:04:41-07:00;52;343.52;Xavier
2020-03-09T20:50:35-07:00;7;345.6;Bernard
2020-03-10T09:03:22-07:00;93;338.88;August
2020-03-10T18:53:22-07:00;81;319.00;Aspen
2020-03-11T16:29:28-07:00;40;371.74;Tyler
2020-03-11T17:01:00-07:00;34;335.86;Darius
2020-03-12T09:55:11-07:00;59;357.96;Allen
2020-03-12T18:10:51-07:00;5;352.05;Thaddeus
2020-03-12T22:57:14-07:00;33;356.19;Flavia
2020-03-13T00:31:42-07:00;56;355.84;Sloane
2020-03-13T02:08:27-07:00;91;364.9;Steven
2020-03-13T08:15:03-07:00;19;316.83;Darryl
2020-03-13T09:10:45-07:00;98;276.21;Joseph
2020-03-13T14:26:19-07:00;74;324.1;Priscilla
2020-03-13T18:18:41-07:00;57;329.27;Leigh
2020-03-14T03:45:35-07:00;94;350.47;Susan
2020-03-14T03:50:10-07:00;86;339.43;Keane
2020-03-14T06:14:01-07:00;95;334.08;Fritz
2020-03-14T21:14:34-07:00;12;323.84;Elvis
2020-03-15T01:07:02-07:00;27;335.57;Owen
2020-03-15T05:38:05-07:00;27;387.36;Brennan
2020-03-15T08:02:35-07:00;96;333.98;Hadley
2020-03-15T11:05:24-07:00;59;367.00;Bianca
2020-03-15T11:54:34-07:00;23;346.73;Damon
2020-03-15T19:31:28-07:00;53;313.51;Ulric
2020-03-16T00:51:02-07:00;17;345.77;Rahim
2020-03-16T07:09:53-07:00;39;368.18;Imogene
2020-03-16T18:58:45-07:00;81;331.12;Chester
2020-03-16T21:22:10-07:00;3;354.2;Maite
2020-03-18T04:13:52-07:00;29;339.51;Haley
2020-03-18T06:16:49-07:00;75;360.85;Amos
2020-03-18T09:51:15-07:00;44;342.08;Chancellor
2020-03-18T13:41:44-07:00;77;334.25;Leroy
2020-03-19T02:21:55-07:00;65;358.72;Eric
2020-03-19T03:56:47-07:00;65;367.78;Jane
2020-03-19T09:55:37-07:00;69;324.81;Yoshio
2020-03-19T11:38:09-07:00;16;352.81;Tatiana
2020-03-20T06:30:39-07:00;54;340.35;Colt
2020-03-20T10:39:51-07:00;28;330.85;Jane
2020-03-20T11:48:12-07:00;47;356.21;Shad
2020-03-20T20:54:41-07:00;90;351.14;Vielka
2020-03-21T00:24:28-07:00;25;311.32;Joelle
2020-03-21T04:55:34-07:00;100;330.73;Valentine
2020-03-21T09:38:20-07:00;55;351.37;Basil
2020-03-21T16:41:36-07:00;90;316.13;Kieran
2020-03-21T16:55:35-07:00;16;335.24;Benedict
2020-03-22T16:09:53-07:00;91;331.95;Gary
2020-03-22T23:49:07-07:00;68;374.78;Paloma
2020-03-23T15:02:25-07:00;18;387.77;Cameron
2020-03-24T09:47:53-07:00;83;398.57;Mechelle
2020-03-24T17:28:49-07:00;47;356.73;Hyatt
2020-03-25T01:37:39-07:00;59;301.08;Ira
2020-03-26T11:03:34-07:00;71;357.8;Emmanuel
2020-03-27T09:50:53-07:00;96;329.17;Otto
2020-03-27T14:35:27-07:00;23;366.83;Cameran
2020-03-28T11:21:44-07:00;3;392.00;Dennis
2020-03-28T13:35:42-07:00;62;380.57;Xantha
2020-03-28T18:55:35-07:00;18;373.67;Lara
2020-03-29T06:04:59-07:00;41;380.09;Marshall
2020-03-29T10:45:33-07:00;5;325.21;Tamara
2020-03-29T20:58:59-07:00;34;337.8;Uriah
2020-03-30T03:34:50-07:00;83;328.7;Blaze
2020-03-30T11:22:49-07:00;16;339.48;Violet
2020-03-30T20:50:24-07:00;36;390.01;Zena
2020-03-30T23:49:53-07:00;59;371.56;Daniel
2020-03-31T05:45:23-07:00;45;332.7;Kato
2020-03-31T14:37:56-07:00;73;413.14;Jin
2020-04-01T04:24:18-07:00;20;352.03;Kameko
2020-04-02T04:56:39-07:00;76;339.08;Warren
2020-04-02T05:52:24-07:00;29;332.76;Ebony
2020-04-02T06:55:24-07:00;35;386.91;Jesse
2020-04-02T15:44:30-07:00;28;341.08;Malachi
2020-04-02T22:38:08-07:00;75;372.33;Zeph
2020-04-04T02:30:58-07:00;37;358.76;Alisa
2020-04-04T08:40:10-07:00;95;350.05;Oliver
2020-04-04T15:30:59-07:00;10;348.04;Germaine
2020-04-04T19:40:30-07:00;49;369.93;Cade
2020-04-04T21:51:23-07:00;12;358.14;Blake
2020-04-04T22:03:17-07:00;8;352.18;Charles
2020-04-05T08:42:09-07:00;5;322.14;Hanae
2020-04-05T12:59:13-07:00;26;399.25;Erica
2020-04-05T22:22:51-07:00;65;355.6;Griffith
2020-04-06T00:11:50-07:00;18;352.52;Peter
2020-04-06T03:15:23-07:00;14;395.37;Tanisha
2020-04-06T04:05:14-07:00;86;343.97;Kelly
2020-04-06T04:23:25-07:00;9;360.56;Angela
2020-04-06T05:34:18-07:00;59;364.88;Rhona
2020-04-06T07:11:26-07:00;14;346.03;Aristotle
2020-04-06T10:48:30-07:00;69;338.41;Teegan
2020-04-06T12:21:21-07:00;38;335.88;Quemby
2020-04-07T05:36:47-07:00;77;344.75;Evelyn
2020-04-07T08:40:09-07:00;91;366.4;Mari
2020-04-09T08:06:04-07:00;100;318.92;Lois
2020-04-09T14:28:59-07:00;90;364.72;Idola
2020-04-09T16:34:30-07:00;50;362.21;Xaviera
2020-04-11T17:36:02-07:00;65;384.65;Keiko
2020-04-12T00:13:03-07:00;64;339.31;Martena
2020-04-12T12:43:49-07:00;78;346.01;Leo
2020-04-12T16:42:19-07:00;89;385.95;Piper
2020-04-12T17:13:04-07:00;14;327.36;Wyatt
2020-04-12T23:48:34-07:00;92;339.2;Conan
2020-04-13T08:28:51-07:00;30;342.41;Evangeline
2020-04-13T15:51:21-07:00;100;338.65;Lila
2020-04-13T19:19:25-07:00;87;384.05;Dora
2020-04-14T10:01:10-07:00;97;391.06;Rebecca
2020-04-14T11:04:07-07:00;87;357.3;Shay
2020-04-15T11:43:26-07:00;68;361.04;Malik
2020-04-15T18:07:41-07:00;68;375.81;Lila
2020-04-16T16:50:14-07:00;86;370.23;Raymond
2020-04-16T19:16:34-07:00;95;309.59;Dominique
2020-04-17T16:44:36-07:00;23;334.53;Ali
2020-04-18T04:22:12-07:00;1;343.68;Virginia
2020-04-19T00:08:31-07:00;91;343.27;Danielle
2020-04-19T18:10:03-07:00;81;371.9;Tate
2020-04-20T04:57:12-07:00;51;346.3;Tana
2020-04-20T23:22:02-07:00;70;324.59;Cade
2020-04-21T11:59:42-07:00;20;380.6;Ria
2020-04-21T23:37:24-07:00;5;373.17;Fiona
2020-04-22T12:32:48-07:00;83;316.72;Alan
2020-04-22T13:47:59-07:00;68;341.53;Hadassah
2020-04-24T03:37:08-07:00;31;307.52;Chester
2020-04-24T05:57:51-07:00;35;347.53;Quentin
2020-04-24T11:47:10-07:00;32;338.58;Signe
2020-04-24T16:07:52-07:00;3;339.67;Jerome
2020-04-24T22:02:29-07:00;52;306.85;Avram
2020-04-25T20:08:04-07:00;90;305.8;Martha
2020-04-25T21:57:57-07:00;28;342.83;August
2020-04-25T23:26:36-07:00;91;344.76;Thaddeus
2020-04-26T11:22:16-07:00;71;361.4;Lester
2020-04-26T12:05:50-07:00;61;372.56;Madeson
2020-04-26T17:05:20-07:00;32;384.89;Oleg
2020-04-26T21:33:55-07:00;47;331.23;Zeus
2020-04-28T10:27:16-07:00;77;359.74;Ashely
2020-04-29T04:00:00-07:00;17;320.42;Ahmed
2020-04-29T05:11:05-07:00;7;344.92;Lillith
2020-04-29T11:33:25-07:00;58;359.92;Conan
2020-04-30T12:23:05-07:00;94;337.27;Mia
2020-04-30T12:25:48-07:00;33;368.92;Deborah
2020-05-01T00:59:08-07:00;43;348.59;Harriet
2020-05-01T02:21:26-07:00;24;377.9;Wyoming
2020-05-01T06:33:13-07:00;11;322.6;Tate
2020-05-02T01:26:08-07:00;100;399.94;Mariko
2020-05-02T09:30:34-07:00;68;348.96;Pearl
2020-05-02T14:43:44-07:00;56;358.91;Chancellor
2020-05-02T20:25:37-07:00;94;355.65;Benedict
2020-05-03T07:09:44-07:00;25;326.46;Cade
2020-05-03T20:52:23-07:00;98;340.75;Tallulah
2020-05-03T21:59:55-07:00;99;325.17;Regan
2020-05-04T03:17:36-07:00;92;352.72;Cooper
2020-05-04T18:40:30-07:00;86;378.76;Lila
2020-05-05T12:00:33-07:00;23;334.67;Christopher
2020-05-05T13:15:37-07:00;53;343.17;Idona
2020-05-05T16:28:32-07:00;28;364.00;Vivian
2020-05-05T22:33:04-07:00;88;375.11;Amanda
2020-05-06T03:53:20-07:00;27;362.98;Bert
2020-05-06T09:07:24-07:00;33;380.21;Delilah
2020-05-06T17:11:34-07:00;93;332.14;Cullen
2020-05-08T14:15:26-07:00;71;344.5;Bell
2020-05-09T14:28:39-07:00;70;360.46;Lavinia
2020-05-09T16:13:41-07:00;47;353.92;Nell
2020-05-10T00:13:24-07:00;9;371.26;Ezekiel
2020-05-10T04:13:09-07:00;98;351.67;Kirsten
2020-05-10T17:19:15-07:00;76;409.8;Melvin
2020-05-10T21:23:26-07:00;63;327.63;Jeanette
2020-05-11T11:34:38-07:00;43;381.68;Hanna
2020-05-11T14:05:48-07:00;9;353.86;Quynn
2020-05-11T20:44:59-07:00;16;318.84;Graham
2020-05-12T00:12:53-07:00;66;323.46;Holmes
2020-05-12T00:46:55-07:00;72;361.63;Cora
2020-05-12T01:22:32-07:00;10;325.69;Thomas
2020-05-12T14:08:28-07:00;40;411.23;Eaton
2020-05-12T21:41:10-07:00;98;348.86;Eden
2020-05-13T05:04:09-07:00;63;324.96;Hedley
2020-05-14T05:23:03-07:00;12;333.69;Serina
2020-05-14T06:30:26-07:00;62;324.8;Quentin
2020-05-14T14:29:27-07:00;73;332.71;Laura
2020-05-15T04:56:59-07:00;19;397.26;Joseph
2020-05-15T15:47:45-07:00;98;385.96;Jerry
2020-05-15T19:51:38-07:00;59;390.55;Benedict
2020-05-15T21:15:58-07:00;94;364.96;Chaney
2020-05-16T15:04:53-07:00;57;364.67;Hamilton
2020-05-16T19:51:31-07:00;33;409.15;Wesley
2020-05-16T22:47:35-07:00;72;350.76;Maryam
2020-05-17T00:35:15-07:00;6;332.56;Keefe
2020-05-17T02:11:19-07:00;68;345.27;Chester
2020-05-17T12:01:14-07:00;3;349.8;Destiny
2020-05-17T16:53:18-07:00;41;341.3;Cora
2020-05-18T04:32:12-07:00;12;376.17;Brady
2020-05-18T05:00:44-07:00;3;374.99;Kennedy
2020-05-18T11:05:26-07:00;88;367.11;Donna
2020-05-18T14:37:29-07:00;83;334.19;Colorado
2020-05-19T05:22:32-07:00;28;342.21;Natalie
2020-05-19T10:46:51-07:00;96;368.38;Len
2020-05-20T05:03:32-07:00;10;364.52;Hoyt
2020-05-20T18:07:47-07:00;48;351.71;Uta
2020-05-21T05:35:02-07:00;26;354.1;Pearl
2020-05-21T07:53:49-07:00;64;337.06;Justine
2020-05-21T15:05:09-07:00;99;343.85;Pamela
2020-05-22T00:56:09-07:00;49;351.78;Jesse
2020-05-22T10:21:45-07:00;18;377.15;Edward
2020-05-22T17:40:27-07:00;33;355.27;Denise
2020-05-22T22:12:18-07:00;79;321.62;Nyssa
2020-05-24T14:47:12-07:00;19;368.52;Abigail
2020-05-25T02:27:05-07:00;54;358.15;Lilah
2020-05-25T08:24:26-07:00;17;416.09;Jonas
2020-05-25T17:43:32-07:00;95;380.86;Maryam
2020-05-26T05:25:02-07:00;33;337.78;Arthur
2020-05-27T07:25:52-07:00;61;380.32;Clare
2020-05-28T16:24:50-07:00;19;355.79;Josiah
2020-05-29T04:14:26-07:00;54;371.68;Alyssa
2020-05-29T04:38:01-07:00;99;362.08;Charissa
2020-05-29T16:19:04-07:00;53;322.18;Carly
2020-05-29T17:08:40-07:00;77;370.51;Zia
2020-05-30T19:47:23-07:00;25;349.88;Laura
2020-05-31T00:41:08-07:00;19;381.82;Hashim
2020-05-31T03:01:39-07:00;55;304.84;Hunter
2020-05-31T07:39:13-07:00;64;376.12;Ginger
2020-05-31T17:32:46-07:00;65;355.32;Bo
